"(optional)","(optional)"
"Account Deletion Requests","Account Deletion Requests"
"Action","Action"
"Action completed successfully.","Action completed successfully."
"Actions","Actions"
"Accepted","Accepted"
"Add a note visible in the request log...","Add a note visible in the request log..."
"All consent events recorded from privacy popup interactions","All consent events recorded from privacy popup interactions"
"Allow customers to anonymize their personal data","Allow customers to anonymize their personal data"
"Allow customers to delete their account","Allow customers to delete their account"
"Allow customers to download their personal data","Allow customers to download their personal data"
"Allow customers to withdraw their consent","Allow customers to withdraw their consent"
"Allowed Countries","Allowed Countries"
"An error occurred. Please try again.","An error occurred. Please try again."
"An unexpected error occurred.","An unexpected error occurred."
"Anonymize","Anonymize"
"Anonymize My Data","Anonymize My Data"
"Anonymize Personal Data","Anonymize Personal Data"
"Anonymize or delete personal data for orders currently in one or more selected statuses","Anonymize or delete personal data for orders currently in one or more selected statuses"
"Approve","Approve"
"Approve Deletion Request","Approve Deletion Request"
"Approved","Approved"
"Automatically clean old consent logs","Automatically clean old consent logs"
"Automatically delete personal data of customers who have not placed an order within a specified period","Automatically delete personal data of customers who have not placed an order within a specified period"
"Abandoned Customer Accounts","Abandoned Customer Accounts"
"Back to Privacy Settings","Back to Privacy Settings"
"Choose which policy links to display on the customer's Privacy Settings page","Choose which policy links to display on the customer's Privacy Settings page"
"Coming Soon","Coming Soon"
"Confirm","Confirm"
"Confirm Action","Confirm Action"
"Configure how visitor consent is recorded and maintained","Configure how visitor consent is recorded and maintained"
"Configure the Privacy Settings tab shown in the customer account area","Configure the Privacy Settings tab shown in the customer account area"
"Consent Logging","Consent Logging"
"Consent Logs","Consent Logs"
"Consent withdrawal is not enabled.","Consent withdrawal is not enabled."
"Contact DPO","Contact DPO"
"Contact our Data Protection Officer for any privacy-related queries or requests.","Contact our Data Protection Officer for any privacy-related queries or requests."
"Control how the privacy policy popup is displayed to visitors","Control how the privacy policy popup is displayed to visitors"
"Cookie Policy","Cookie Policy"
"Cookie Policy URL","Cookie Policy URL"
"Could not delete customer data: %1","Could not delete customer data: %1"
"Could not process your request. Please try again.","Could not process your request. Please try again."
"Covers quotes, guest order records, and other transient data","Covers quotes, guest order records, and other transient data"
"Country","Country"
"Country Restriction","Country Restriction"
"Customer","Customer"
"Customer Account Privacy","Customer Account Privacy"
"Customer Account Privacy settings saved successfully.","Customer Account Privacy settings saved successfully."
"Customer Data Controls","Customer Data Controls"
"Customer ID","Customer ID"
"DPO Email","DPO Email"
"DPO Name","DPO Name"
"DPO Phone","DPO Phone"
"Data Deletion & Anonymization","Data Deletion & Anonymization"
"Data Protection Officer","Data Protection Officer"
"Data deletion settings saved successfully.","Data deletion settings saved successfully."
"Date","Date"
"Days","Days"
"Delete","Delete"
"Delete Account","Delete Account"
"Delete My Account","Delete My Account"
"Delete Requests","Delete Requests"
"Delete personal data in documents older than the specified age","Delete personal data in documents older than the specified age"
"Delete personal data of customers with no orders in the last specified period","Delete personal data of customers with no orders in the last specified period"
"Delete personal data from quotes, guest order records, and similar transient documents after a specified period","Delete personal data from quotes, guest order records, and similar transient documents after a specified period"
"Deletion request not found.","Deletion request not found."
"Display DPO Info","Display DPO Info"
"Display Privacy Policy Popup","Display Privacy Policy Popup"
"Document Age","Document Age"
"Documents created before this threshold will have personal data removed","Documents created before this threshold will have personal data removed"
"Download My Data","Download My Data"
"Email","Email"
"Email Notification settings will be available in the next release.","Email Notification settings will be available in the next release."
"Email Notifications","Email Notifications"
"Enable Abandoned Customer Deletion","Enable Abandoned Customer Deletion"
"Enable Order Status Processing","Enable Order Status Processing"
"Enable Recent Documents Deletion","Enable Recent Documents Deletion"
"Enable country restriction for privacy popup","Enable country restriction for privacy popup"
"Enable privacy policy popup","Enable privacy policy popup"
"Enable self-service data management options for your customers","Enable self-service data management options for your customers"
"Enter Your Password to Confirm","Enter Your Password to Confirm"
"Export a copy of all your personal information including account details, addresses, orders, and cart.","Export a copy of all your personal information including account details, addresses, orders, and cart."
"General Settings","General Settings"
"General settings saved successfully.","General settings saved successfully."
"Go back","Go back"
"Guest","Guest"
"Guest Entries","Guest Entries"
"Hold Ctrl / Cmd to select multiple statuses. Orders in any selected status will be processed on the next scheduled run.","Hold Ctrl / Cmd to select multiple statuses. Orders in any selected status will be processed on the next scheduled run."
"I HAVE READ AND ACCEPT","I HAVE READ AND ACCEPT"
"ID","ID"
"IP Address","IP Address"
"Inactivity Threshold","Inactivity Threshold"
"Invalid action. ","Invalid action. "
"Invalid request.","Invalid request."
"Learn about how we use cookies and tracking technologies to improve your browsing experience.","Learn about how we use cookies and tracking technologies to improve your browsing experience."
"List Policies","List Policies"
"Log Auto-Cleaning","Log Auto-Cleaning"
"Log Auto-Cleaning Period","Log Auto-Cleaning Period"
"Log Guest Consent","Log Guest Consent"
"Months","Months"
"Name","Name"
"Next","Next"
"No actions","No actions"
"No consent logs yet.","No consent logs yet."
"No deletion requests yet.","No deletion requests yet."
"Opt Out from Consent","Opt Out from Consent"
"Optionally display your DPO contact details on the customer's privacy page","Optionally display your DPO contact details on the customer's privacy page"
"Order Statuses","Order Statuses"
"Orders in Specified Status","Orders in Specified Status"
"Pending","Pending"
"Personal Data Download","Personal Data Download"
"Personal Data Protection","Personal Data Protection"
"Personal data of matching customers will be erased during the scheduled cleanup run","Personal data of matching customers will be erased during the scheduled cleanup run"
"Phone","Phone"
"Please enter your password.","Please enter your password."
"Please log in to continue.","Please log in to continue."
"Previous","Previous"
"Privacy Policy","Privacy Policy"
"Privacy Policy Settings","Privacy Policy Settings"
"Privacy Policy URL","Privacy Policy URL"
"Privacy Settings","Privacy Settings"
"Privacy Settings Tab Name","Privacy Settings Tab Name"
"Privacy Tab Settings","Privacy Tab Settings"
"Process personal data for orders in the selected status(es)","Process personal data for orders in the selected status(es)"
"Processed","Processed"
"Read our privacy policy to understand how we collect, use, and protect your personal data.","Read our privacy policy to understand how we collect, use, and protect your personal data."
"Recent Documents","Recent Documents"
"Record consent responses from guest users","Record consent responses from guest users"
"Reject","Reject"
"Reject Deletion Request","Reject Deletion Request"
"Rejected","Rejected"
"Replace your personal details with anonymized values while keeping your order history intact. This action cannot be undone.","Replace your personal details with anonymized values while keeping your order history intact. This action cannot be undone."
"Request Account Deletion","Request Account Deletion"
"Requested","Requested"
"Review and action customer account deletion requests","Review and action customer account deletion requests"
"Revoke your previously given privacy consent. The popup will be shown again on your next visit.","Revoke your previously given privacy consent. The popup will be shown again on your next visit."
"Save Settings","Save Settings"
"Set up automated email alerts for consent events and data requests","Set up automated email alerts for consent events and data requests"
"Show Cookie Policy link","Show Cookie Policy link"
"Show Data Protection Officer contact information","Show Data Protection Officer contact information"
"Show Privacy Policy link","Show Privacy Policy link"
"Show:","Show:"
"Showing %1–%2 of %3 entries","Showing %1–%2 of %3 entries"
"Status","Status"
"Submit a request to permanently delete your account and all associated personal data. An admin will review and process your request.","Submit a request to permanently delete your account and all associated personal data. An admin will review and process your request."
"Targets customers whose most recent order is older than the threshold, or who have never ordered","Targets customers whose most recent order is older than the threshold, or who have never ordered"
"This action is irreversible and all your data will be permanently removed.","This action is irreversible and all your data will be permanently removed."
"Total","Total"
"View Cookie Policy","View Cookie Policy"
"View Privacy Policy","View Privacy Policy"
"Weeks","Weeks"
"Withdraw Consent","Withdraw Consent"
"Withdrawn","Withdrawn"
"Years","Years"
"You can update your preferences anytime from your privacy settings.","You can update your preferences anytime from your privacy settings."
"Your Data Rights","Your Data Rights"
"Your consent has been withdrawn successfully. The privacy popup will appear again on your next visit.","Your consent has been withdrawn successfully. The privacy popup will appear again on your next visit."
"Your data is ready. The file download will begin shortly.","Your data is ready. The file download will begin shortly."
"Your data will be provided in a secure file for your records.","Your data will be provided in a secure file for your records."
"Your identity will be anonymized but your past orders will be preserved.","Your identity will be anonymized but your past orders will be preserved."
"Your password","Your password"
"dpo@yourstore.com","dpo@yourstore.com"
"https://yourstore.com/cookie-policy","https://yourstore.com/cookie-policy"
"https://yourstore.com/privacy-policy","https://yourstore.com/privacy-policy"
"+1 555 000 0000","+1 555 000 0000"
"Jane Doe","Jane Doe"
